Direction,Number,Active,Total_stands,Ticket,Latitude,Longitude
"Colón, 60",16.0,1.0,20.0,1.0,39.470092316192336,-0.3704333693720587
Plaza de Tetuán,9.0,1.0,25.0,1.0,39.47435533016869,-0.3699303648826442
Micer Mascó - Rodriguez Fornos,81.0,1.0,20.0,0.0,39.47512832851177,-0.3609783335465967
General Elio - Llano del Real,83.0,1.0,25.0,1.0,39.47758533929587,-0.3669703519914759
Blasco Ibañez - Mestre Ripoll,100.0,1.0,20.0,0.0,39.471634305646866,-0.3381502585344567
Fernando el Católico - Erudito Orellana,23.0,1.0,19.0,1.0,39.471628328748515,-0.3861784216967592
Peris y Valero - Cabo Jubi,38.0,1.0,15.0,0.0,39.45940204927687,-0.3702493773693626
Autopista del Saler - Antonio Ferrandis (C.C. El Saler),50.0,1.0,40.0,1.0,39.453318252515686,-0.3528593228128155
Luis García Berlanga Martí - Menorca,52.0,1.0,25.0,1.0,39.45603425797373,-0.3463402980947426
Baleares - Lebón,60.0,1.0,19.0,0.0,39.46223128102797,-0.3517763125261459
Regne de Valencia - Almirante Cadarso,35.0,1.0,20.0,1.0,39.46374929341137,-0.3669943634005945
Molinell - Calderón de la Barca,77.0,1.0,20.0,1.0,39.48497336307338,-0.3656673419583549
Blasco Ibañez - Aragón,92.0,1.0,20.0,1.0,39.47586032883543,-0.355968315835597
Autopista del Saler - Puente Monteolivete,47.0,1.0,20.0,1.0,39.45651226440267,-0.3554183288036281
"Blasco Ibañez, 32 (F. Filología)",90.0,1.0,40.0,0.0,39.47673433298103,-0.3589673254467337
Alameda - Pintor Monleón,57.0,1.0,20.0,1.0,39.46447629179199,-0.3582563324315247
Juan Llorens - Quart,19.0,1.0,15.0,0.0,39.47436934054566,-0.391590438798602
Salamanca - Conde Altea,31.0,1.0,19.0,0.0,39.467365304622646,-0.3650283531086902
General Urrutia - Av. de la Plata,44.0,1.0,19.0,1.0,39.45642926768604,-0.3630143545257616
Plaza del Musico López Chavarri,3.0,1.0,20.0,1.0,39.4768353435743,-0.3802883976424855
Baleares - Río Escalona,59.0,1.0,15.0,1.0,39.463088285667624,-0.3545493213542055
Vicent Vidal - Pintor Maella,61.0,1.0,20.0,1.0,39.46129327599964,-0.3478302988674309
Colón 20-22,18.0,1.0,24.0,1.0,39.468191311513856,-0.3731293798737345
Campoamor - Músico Ginés,76.0,1.0,19.0,1.0,39.47008330347364,-0.343461277578989
Fernando el Católico - Cuenca,24.0,1.0,20.0,1.0,39.469077319212495,-0.3840274173384119
Av Puerto 19 (Telefónica),63.0,1.0,20.0,1.0,39.46777930285978,-0.358414330727018
Av. Puerto - Doctor Manuel Candela,65.0,1.0,19.0,1.0,39.465516292011046,-0.3508373061951808
Juan Verdeguer - Toneleros,67.0,1.0,14.0,0.0,39.45886026320377,-0.3367982630402228
Salvador Giner - C. Museo,2.0,1.0,15.0,0.0,39.479889353348874,-0.3797483936090024
Plaza de la Virgen - Bailía,4.0,1.0,25.0,1.0,39.476747340831494,-0.375342380894589
Plaza de la Reina - Mar,8.0,0.0,9.0,1.0,39.47432033281947,-0.3750843825510484
Hermanos Maristas - General Urrutia,45.0,1.0,15.0,0.0,39.45381925759081,-0.3618553529234309
Plaza San Felipe Neri (Mercado Algirós),74.0,1.0,20.0,1.0,39.469949307546806,-0.3537343124957471
Blasco Ibañez - Doctor Gómez Ferrer (Clínico),87.0,1.0,33.0,1.0,39.47851834019109,-0.3618803335785998
Regne de Valencia - Doctor Sumsi,34.0,1.0,17.0,0.0,39.46412229654908,-0.3699613729909211
"Barcas, 11",40.0,1.0,26.0,1.0,39.47046631970195,-0.3748243837183276
Economista Gay - Luis Crumiere,137.0,1.0,20.0,1.0,39.48903338344832,-0.3798963873712934
Ramón Llull - Serpis,102.0,1.0,20.0,0.0,39.47583332394092,-0.346720283882565
Bombero Ramón Duart - Hermanos Maristas,184.0,1.0,15.0,0.0,39.45278225629358,-0.3655703663645521
Manuel Broseta i Pont - Naranjos,112.0,1.0,40.0,1.0,39.47858033137406,-0.3422752670199095
Aularios Universidad de Valencia,105.0,1.0,30.0,0.0,39.47835119969391,-0.3443952655704271
Alfahuir - Duque de Mandas,127.0,1.0,20.0,0.0,39.49059138177909,-0.3644463333304693
Benifairó de Valldigna - Joaquín Benlloch,186.0,1.0,14.0,0.0,39.45039125246078,-0.3740153970137416
Plaza Badajoz,145.0,1.0,15.0,0.0,39.48154736759815,-0.398395456094638
UPV Galileo,111.0,1.0,30.0,0.0,39.48066419504159,-0.3395082613341325
Cataluña - Doctor Vicente Zaragozá,115.0,1.0,16.0,0.0,39.481562345598135,-0.3521482985209469
Gascó Oliag - Primado Reig,117.0,1.0,30.0,1.0,39.47925133992885,-0.357065317141581
Llano de la Zaidía - Doctor Olóriz,153.0,1.0,24.0,1.0,39.48305822805289,-0.3805912745331588
Jaime Roig - Bachiller,119.0,1.0,20.0,0.0,39.48252035422283,-0.3632263347367644
Pío XII - Monestir de Poblet,173.0,1.0,20.0,0.0,39.484541375368174,-0.394678441209281
José María de Haro - Justo y Pastor,160.0,1.0,20.0,0.0,39.467336291769534,-0.3389812647099949
Reus - Alquería de la Estrella,139.0,1.0,15.0,0.0,39.48570637409792,-0.3828733999571918
Jerónimo Monsoriu - Alcalde Cano Coloma,151.0,1.0,20.0,0.0,39.464669282422186,-0.3371172603142122
Francisco Cubells - San José de la Vega,159.0,1.0,17.0,0.0,39.46344927686635,-0.3347222532485526
Doctor Vicente Zaragozá - Emilio Baró,120.0,1.0,18.0,1.0,39.484880361257815,-0.3620463290628108
Alfahuir - Peñiscola,128.0,1.0,25.0,1.0,39.48876637693274,-0.367544345093534
Convento Carmelitas - Alboraya,130.0,1.0,15.0,0.0,39.483238360081586,-0.370210358642677
Giorgeta - Roig de Corella,195.0,1.0,16.0,0.0,39.459384287208486,-0.3842814248129742
Fontanars dels Aforins - Jacinto Labaila,197.0,1.0,15.0,0.0,39.458184286737165,-0.3923334543644733
Mediterráneo - Plaza Cruz de Cañamelar,161.0,1.0,15.0,1.0,39.46796929073871,-0.3317262387298495
Paseo Neptuno 32-34,163.0,1.0,20.0,1.0,39.46443727525528,-0.3234012136184579
Pavía - Acequia de la Cadena,167.0,1.0,20.0,0.0,39.474908310742784,-0.3246102088459378
Ausias March - Av. de la Plata,183.0,1.0,18.0,1.0,39.45262025913349,-0.3722843899417025
Ángel Villena - Ausias March,187.0,1.0,15.0,1.0,39.447960241518516,-0.3688183809361798
Hospital Nueva Fe (administración),189.0,1.0,30.0,1.0,39.44477922701873,-0.3770653241578762
Don Vicente Guillot - Progreso,166.0,1.0,15.0,0.0,39.47334930757559,-0.3288112249578787
Malvarrosa - Río Tajo,168.0,1.0,15.0,0.0,39.47687131828106,-0.3278872186994104
Monduber - Peset Aleixandre,174.0,1.0,19.0,1.0,39.489438388167024,-0.3866474095764486
Av. del Cid - Julián Peña,200.0,1.0,15.0,0.0,39.46773731904592,-0.3932144497376184
Cra. Malilla - Bulevar Sur,190.0,1.0,18.0,1.0,39.44608224133691,-0.3802964227165475
Jerónimo Muñoz - Gaspar Aguilar,196.0,1.0,15.0,1.0,39.45957528956863,-0.3880664379854734
Fontanars dels Aforins - Vall d'Uixó,198.0,1.0,20.0,1.0,39.46088029740053,-0.395316462028443
San Clemente - Hospital Arnau de Vilanova,227.0,1.0,20.0,1.0,39.49024839844318,-0.4029314642268136
Carteros - Mossen Febrer,208.0,1.0,20.0,0.0,39.45169226376965,-0.3885784461793106
Conde Torrefiel - Cecilio Plá,235.0,1.0,15.0,1.0,39.49804541205544,-0.3772033703255944
Rio Segre - Rafael Company,236.0,1.0,15.0,1.0,39.49506640496422,-0.3822783900158384
Corts Valencianes - General Avilés,204.0,1.0,20.0,1.0,39.485843380594176,-0.3965874461307865
Pechina - Teruel,202.0,1.0,20.0,1.0,39.47622234753723,-0.3933344430441705
Campos Crespo - Juan de Garay,210.0,1.0,15.0,1.0,39.45555328036534,-0.3967164703720698
Fray Juanípero Serra - Torrente,212.0,1.0,15.0,1.0,39.46148430130945,-0.4003964782374619
Salvador Ferrandis Luna - Juan Bautista Vives,218.0,1.0,15.0,1.0,39.47074033078547,-0.3973844614710405
Pintor Stolz - Nueve de Octubre,217.0,1.0,25.0,1.0,39.47032833321364,-0.4045964865286562
Valle de la Ballestera - Hospital Nueve de Octubre,223.0,1.0,20.0,1.0,39.47855835893999,-0.4011874677803583
Corts Valencianes - La Safor,226.0,1.0,30.0,0.0,39.49086439918327,-0.3988594505654264
Tres Cruces - Pio XI,250.0,1.0,15.0,0.0,39.456352245577065,-0.4008070181198941
Nicasio Benlloch - Amics dels Corpus,205.0,1.0,24.0,1.0,39.48928739053543,-0.3930904323547156
Vicente la Roda - Ingeniero Fausto Elio,272.0,1.0,15.0,0.0,39.48062333339468,-0.3321902311538516
Músico Ayllón - Francisco Dolz,215.0,1.0,15.0,1.0,39.46567131414367,-0.3967484625488285
Plaza Músico Espí,234.0,1.0,15.0,0.0,39.49649940567526,-0.3736443597891149
Padre Esteban Pernet - Casa Misericordia,263.0,1.0,18.0,0.0,39.467043324648515,-0.4096445056541294
Albacete - Maluquer,243.0,1.0,18.0,1.0,39.46282029901061,-0.3845424236611566
Traginers - Pedrapiquers,260.0,1.0,20.0,0.0,39.45955629873093,-0.4072175039832668
La Safor - Maestro Rodrigo,242.0,1.0,15.0,0.0,39.48790739141051,-0.4041974712326189
Xátiva - Bailén (Estación del Norte),17.0,1.0,30.0,1.0,39.46746831099193,-0.3772593951806123
Hospital - Horno del Hospital,10.0,1.0,15.0,1.0,39.470816323984536,-0.3826104109763401
Alfonso el Magnánimo - Nave,13.0,1.0,24.0,1.0,39.4720623227334,-0.3708743696408533
Aragón - Vicente Sancho Tello,78.0,1.0,20.0,1.0,39.46994531050937,-0.358688329939162
Conde Altea - Almirante Cadarso,32.0,1.0,20.0,1.0,39.46600630156446,-0.3682473649948816
Plaza de los Fueros - Conde Trenor,36.0,1.0,25.0,0.0,39.479072348860946,-0.3754363798581042
Plaza de Europa,54.0,1.0,20.0,1.0,39.459778273617445,-0.3526903171951741
Huesca - Barón de Cárcer,14.0,1.0,20.0,1.0,39.46896731649349,-0.3797244022229544
Germanías - Ruzafa,33.0,1.0,20.0,1.0,39.46481830023885,-0.3739903856231028
Av. Puerto - Plaza Tribunal de les Aigües,71.0,1.0,20.0,1.0,39.46038026686525,-0.3335312512230816
República Argentina - Campoamor,75.0,1.0,25.0,1.0,39.472113313853896,-0.3517013042029511
Naranjos (Magisterio),95.0,1.0,33.0,0.0,39.47983533734356,-0.3461192793966847
Peris y Valero - Luis Santángel,37.0,1.0,20.0,1.0,39.460937800028375,-0.3664406250017559
"Blasco Ibañez, 28 (F. Geografía e Historia)",88.0,1.0,40.0,1.0,39.47751233609685,-0.3611423324837735
Ribera - Plaza Ayuntamiento,15.0,1.0,34.0,1.0,39.46908831533384,-0.3756373880434071
Navarro Reverter - Grabador Esteve,28.0,1.0,29.0,0.0,39.47158231958138,-0.3677513588006829
Antonio Ferrandis - General Urrutia,48.0,1.0,20.0,0.0,39.450807354184086,-0.3585527382322896
Angel Guimerá - Juan Llorens,22.0,1.0,15.0,0.0,39.46978732404922,-0.3883534313205414
Av. Puerto 61-63,64.0,1.0,20.0,0.0,39.46651829706714,-0.3541953172495928
Av. Puerto - José Aguilar,68.0,1.0,20.0,1.0,39.46280327868023,-0.3417332778594022
"Colón, 44",70.0,1.0,17.0,0.0,39.469213221319464,-0.3716462894107889
C/GUILLEM DE CASTRO esquina con C/NA JORDANA,1.0,1.0,25.0,1.0,39.48004223020643,-0.3829292797331582
Guillem de Castro - San Pedro Pascual,6.0,1.0,15.0,1.0,39.472798331478145,-0.3840834139387113
Plaza del Mercado - Taula de Canvis,7.0,1.0,19.0,1.0,39.47487233593648,-0.3791853952972924
General Urrutia - Granada,41.0,1.0,20.0,0.0,39.458912276426375,-0.3647763590897919
Amadeo de Saboya (frente Ayuntamiento),80.0,1.0,25.0,0.0,39.47374232444908,-0.3622983394473602
Guillem de Castro (Torres de Quart),82.0,1.0,15.0,0.0,39.47605634238628,-0.3839144104057024
Blasco Ibañez - Jaime Roig,85.0,1.0,23.0,0.0,39.479464345022826,-0.3647153422684407
"Blasco Ibañez, 23 (F. Filosofía y Psicología)",89.0,1.0,30.0,0.0,39.47780233689744,-0.3593183259089267
Grabador Jordan - Escultor Pastor,91.0,1.0,15.0,0.0,39.44412522887422,-0.3675733796970313
Menorca - Baleares,62.0,1.0,20.0,1.0,39.45981126842254,-0.3421522812931475
Blasco Ibañez - Clariano,94.0,1.0,20.0,0.0,39.47537832465668,-0.3515833014492605
Blasco Ibañez - Pintor José Mongrell,99.0,1.0,21.0,1.0,39.47134430635022,-0.3404842660990001
"CALLE SANTA AMALIA  2, esquina POETA BODRIA",131.0,1.0,20.0,1.0,39.48141722170027,-0.3729122732215235
Armada Española - Mariano Cuber,162.0,1.0,19.0,0.0,39.46360427573933,-0.3297952360224295
Albalat dels Tarongers - Paseo Facultades,104.0,1.0,20.0,1.0,39.478386332978474,-0.3472752845405608
Luís Peixó 20,108.0,1.0,15.0,1.0,39.47382619077011,-0.3339152679031098
Platero Suárez - Milagrosa,132.0,1.0,15.0,0.0,39.48528636793778,-0.3734343681182198
Campillo de Altobuey (Polideportivo),107.0,1.0,15.0,0.0,39.47524531713643,-0.3362242490922528
Almazora - Benimuslem,129.0,1.0,20.0,1.0,39.48597536908952,-0.3699453557741905
Marqués de San Juan - Diputat Lluís Lucía,144.0,1.0,15.0,0.0,39.4787793569025,-0.3954804480408008
Av. Campanar (La Fe),146.0,1.0,26.0,1.0,39.48511037548845,-0.3909524281114989
Pie de la Cruz - Rejas,147.0,1.0,15.0,0.0,39.47320133107913,-0.3802074001545322
Manuel Candela - Rodriguez de Cepeda,150.0,1.0,25.0,0.0,39.46772129856667,-0.350609303645443
Pescadores - Progreso,154.0,1.0,15.0,0.0,39.46987629622899,-0.3295542305651281
Salamanca - Reina Doña Germana,155.0,1.0,20.0,0.0,39.46495329574819,-0.3630783484267159
Murta - Sant Eperit,121.0,1.0,15.0,0.0,39.48618236435413,-0.358771317481443
San Pancracio - Periodista Llorente,138.0,1.0,20.0,0.0,39.48819038284581,-0.3842224020748283
Av. de la Plata - Zapadores,179.0,1.0,23.0,0.0,39.45547226612543,-0.3664263679263763
Marino Blas de Lezo (estación Cabañal Adif),101.0,1.0,30.0,1.0,39.47006829907817,-0.3343612466069016
Rubén Darío - Plaza Fray Luis Colomer,103.0,1.0,15.0,0.0,39.47845333567255,-0.3523713017453889
UPV Caminos,113.0,1.0,38.0,1.0,39.48127634089521,-0.3436112694462359
Gregorio Gea - Padre Ferris,141.0,1.0,20.0,1.0,39.483268367245344,-0.3851564091174212
Peris y Valero - Salamanca,149.0,1.0,20.0,0.0,39.462934287947085,-0.3617953460049966
Doctor Vicente Zaragozá - Ramón Asensio,116.0,1.0,15.0,1.0,39.48325335356676,-0.3575613154471814
Gómez Ferrer - Álvaro de Bazán,118.0,1.0,20.0,0.0,39.480466345728246,-0.3604163266878076
Esparraguera - Cra. Malilla,191.0,1.0,15.0,0.0,39.45032925434954,-0.378866413884951
Uruguay - Carteros,193.0,1.0,20.0,1.0,39.45514627443484,-0.386718436578698
Beato Nicolás Factor - Convento de Jesús,199.0,1.0,15.0,0.0,39.46158829801141,-0.3915584482397584
Pavía - Espadán,165.0,1.0,20.0,1.0,39.471409299035706,-0.3245702116150898
Gran Canaria - Ingeniero Manuel Maese,171.0,1.0,15.0,0.0,39.483060339803416,-0.3290082180620208
"Zapadores, 23",181.0,1.0,15.0,1.0,39.45799927509706,-0.3681913713233589
Ebanista Caselles - Ausias March,185.0,1.0,15.0,0.0,39.45004424948915,-0.3705033850186671
Cno. Moncada - Pedro Patricio Mey,176.0,1.0,20.0,0.0,39.49201739310727,-0.378853381402734
Hospital Nueva Fe (consultas externas),188.0,1.0,40.0,0.0,39.44462122517277,-0.3751583239336074
Estación AVE Joaquín Sorolla,194.0,1.0,40.0,1.0,39.46101829099363,-0.38097441235847
San Vicente Paul - Santiago Rusiñol,232.0,1.0,15.0,1.0,39.49464439592328,-0.3657533347314999
Perez Galdós - Nou Moles,201.0,1.0,20.0,0.0,39.47171233289752,-0.3936684472489409
Castán Tobeñas - Patriques,220.0,1.0,16.0,1.0,39.47385534208041,-0.3983214623957442
Castán Tobeñas - Rincon de Ademuz,219.0,1.0,18.0,0.0,39.47265724610551,-0.403030297990242
Manuel de Falla - Hernández Lázaro,221.0,1.0,20.0,1.0,39.47527034863776,-0.4028534760386356
Padre Barranco - Carlos Ruano Llopis (Pintor),225.0,1.0,20.0,1.0,39.488107390420495,-0.4011424601917243
Dels Gremis - Campos Crespo,252.0,1.0,20.0,1.0,39.45028826570709,-0.4035744984359706
Gaspar Aguilar - Músico Penella,209.0,1.0,18.0,1.0,39.45208226727133,-0.3930154610573264
Tomas de Villarroya - San Vicente,255.0,1.0,18.0,0.0,39.447703249066144,-0.3860294408590107
Tres Forques - Colonia Española de Mexico,262.0,1.0,20.0,1.0,39.463472312903384,-0.4092255068828996
Canal de Navarrés - Maestro Rodrigo,266.0,1.0,18.0,1.0,39.49028940014262,-0.4063714764232016
Ninot - Regino Mas,270.0,1.0,16.0,1.0,39.50007542649037,-0.3928894231214174
Aitana - Florista,229.0,1.0,16.0,0.0,39.493104403991694,-0.3948064342474953
Alcañiz - Cambrils,231.0,1.0,15.0,1.0,39.49507240298451,-0.3786213772644184
"Plaza Salvador Soria, 8",257.0,1.0,20.0,0.0,39.44525124234686,-0.3891044524538903
Alcasser - Poeta Alberto Lista,265.0,1.0,15.0,0.0,39.470973337167365,-0.4081174981697739
Nueve de Octubre - Cieza,245.0,1.0,20.0,0.0,39.47213024806011,-0.4052702993643409
Tres Cruces - Músico Ayllón,247.0,1.0,15.0,1.0,39.467410323935766,-0.4055734914728698
Veles e Vents,276.0,1.0,20.0,1.0,39.46197526682713,-0.3237652165584259
San Jose Artesano - Francisco Morote Greus,238.0,1.0,15.0,0.0,39.497449418355934,-0.3943834296629336
Camp del Turia - Corts Valencianes,240.0,1.0,20.0,0.0,39.495004413973305,-0.4015474560813512
Valle de la Ballestera - Pio Baroja,244.0,1.0,20.0,1.0,39.47850636088407,-0.4061364855497043
Tres Cruces - Hospital General,246.0,1.0,20.0,0.0,39.469090330003425,-0.4065094941412157
Tres Cruces - Jose Maria Mortes Lerma,248.0,1.0,20.0,0.0,39.46284030885798,-0.4049694938289344
Salvador Cerveró - Carlos Cortina,271.0,1.0,15.0,0.0,39.49927942267903,-0.3898914126730494
Plaza Ayuntamiento - Cotanda,11.0,1.0,27.0,1.0,39.47118632283677,-0.3767843903416451
Aragón - Ernesto Ferrer,79.0,1.0,20.0,0.0,39.4727793187067,-0.357242322435451
Calle Salvá - Calle Poeta Querol,12.0,1.0,20.0,1.0,39.47196722343732,-0.3740102862977963
Quart - Fernando el Católico,20.0,1.0,16.0,1.0,39.47503434099054,-0.3878474253260651
Juan Llorens - Literato Gabriel Miró,21.0,1.0,16.0,1.0,39.4723713328859,-0.3902144354049112
Francia - Menorca,56.0,1.0,15.0,0.0,39.45842126509135,-0.3444052893928658
Plaza España,58.0,1.0,20.0,1.0,39.46621830848607,-0.3815864106638383
Av. Puerto - Serrería,69.0,1.0,25.0,0.0,39.46195227384504,-0.3387212679875118
Jerónimo Monsoriu - Industria,73.0,1.0,20.0,1.0,39.4662592905475,-0.3428792786496773
Escultor José Capuz - Oriente,43.0,1.0,20.0,0.0,39.459477276259406,-0.3611533458364356
Gaspar Aguilar - Vicente Parra,86.0,1.0,20.0,1.0,39.4552402764855,-0.3911934519157556
Ricardo Muñoz Suay - María José Victoria Fuster (C.C. El Saler),49.0,1.0,25.0,0.0,39.45298693239739,-0.3571104198826364
Alameda - Pintor Maella,53.0,1.0,25.0,0.0,39.45676426141678,-0.3481393040048007
Francia - Pintor Maella,55.0,1.0,25.0,0.0,39.45934326975421,-0.3486863041159564
Blasco Ibañez 121,97.0,1.0,23.0,0.0,39.47306831276613,-0.3431322739648798
San Vicente Martir - Doctor Vilá Barberá,27.0,1.0,20.0,0.0,39.463362299305594,-0.3818514137102655
Plaza América - Cirilo Amorós - Sorní,29.0,1.0,20.0,1.0,39.47011231364647,-0.3652993525279599
Cirilo Amorós - Jorge Juan (Mercado Colón),30.0,1.0,20.0,0.0,39.46860130988493,-0.3684993636557958
Pintor Luis Arcas - Inst. Obrero Valenciano,46.0,1.0,20.0,0.0,39.455509261762266,-0.3587873408716088
Moreras (Oceanográfico),51.0,1.0,20.0,1.0,39.45218324552497,-0.3472273049060467
San José de Calasanz - Salas Quiroga,26.0,1.0,15.0,0.0,39.46619531059966,-0.3860524260304749
Guillem de Anglesola - Av. Puerto,66.0,1.0,25.0,0.0,39.46427128532339,-0.3462612916525901
Ramiro de Maeztu - Peris Brell,72.0,1.0,15.0,0.0,39.4672572011624,-0.3464462819621424
Plaza Poeta Llorente,5.0,1.0,15.0,1.0,39.476895339123786,-0.3711403661399108
"Alberique, 18 (Abastos)",25.0,1.0,23.0,1.0,39.46772931656263,-0.3886104333408022
Peris y Valero - Cuba,39.0,1.0,19.0,1.0,39.457854277261184,-0.3739313916673185
Blasco Ibañez - Poeta Durán Tortajada,93.0,1.0,38.0,1.0,39.47228231067077,-0.343809277423822
Av. de la Plata (Museo Fallero),42.0,1.0,20.0,1.0,39.45878127329601,-0.3586583378805894
Blasco Ibañez - Yecla,96.0,1.0,21.0,1.0,39.47355431688417,-0.3482142912637639
Justo y Pastor - Duque de Gaeta,98.0,1.0,15.0,1.0,39.469680303996114,-0.348442294427372
UPV Informática,114.0,1.0,30.0,0.0,39.4818043438759,-0.346591279156021
Alfambra - Poeta Monmeneu,133.0,1.0,15.0,0.0,39.48275636079257,-0.3758823782702375
Constitución - Reus,135.0,1.0,20.0,1.0,39.48570237196362,-0.3785013847815641
Cra. Malilla - Oltá,192.0,1.0,20.0,1.0,39.45263726161547,-0.3787144113919625
Albalat dels Tarongers - Professor Ernest Lluch,106.0,1.0,25.0,0.0,39.47674432466283,-0.3413872652268807
UPV Trinquet,110.0,1.0,30.0,0.0,39.48074033571707,-0.3366802462346253
Músico Hipólito Martínez - Diógenes López Mecho,122.0,1.0,15.0,0.0,39.48448535604776,-0.3540663028794564
Azagador de Alboraya - Dolores Marqués,124.0,1.0,25.0,1.0,39.48850137319014,-0.3619553259600363
Maximiliano Thous - Luz Casanova,134.0,1.0,20.0,0.0,39.48765637635625,-0.3733393651320896
Economista Gay - Constitución,136.0,1.0,20.0,0.0,39.48994138447594,-0.3756103716680802
Naranjos - Ingeniero Fausto Elio,109.0,1.0,20.0,1.0,39.4768193210939,-0.3335102388084858
"Masquefa, 42 - 44",125.0,1.0,15.0,0.0,39.489693375775445,-0.3586183142345537
C/Xàtiva 30-32,148.0,1.0,35.0,1.0,39.46714522461298,-0.3753782937388751
Pio XII - Menéndez PIdal (Nuevo Centro),143.0,1.0,30.0,1.0,39.4795373575288,-0.3909364324170816
Reina Doña María - Cádiz,152.0,1.0,15.0,1.0,39.460925286769694,-0.3727053849231208
Albocácer - Vinaroz,123.0,1.0,20.0,0.0,39.487671371814656,-0.3648413360951872
Juan XXIII - Domingo Gómez,175.0,1.0,15.0,1.0,39.49258939642365,-0.3827123943333956
Campanar - Nicasio Benlloch,140.0,1.0,20.0,0.0,39.48800438494039,-0.3896004206542252
Gregorio Gea - Profesor Beltrán Báguena,142.0,1.0,25.0,0.0,39.48192036501599,-0.3896594261794354
Alcudia de Crespins - Pedro Patricio Mey,177.0,1.0,15.0,1.0,39.493545396079504,-0.3734883620528129
Puerto Rico - Cuba,156.0,1.0,15.0,0.0,39.46096428829767,-0.3763453968184098
Pérez Galdós - Marqués de Zenete,157.0,1.0,20.0,1.0,39.46405230416093,-0.387366432507832
Doctor Lluch - Virgen del Sufragio,158.0,1.0,15.0,0.0,39.46669828513057,-0.3277192268301427
Alfahuir - José Chabas Bordehore,126.0,1.0,20.0,0.0,39.49309838788837,-0.3601043160489527
Pavía (Instituto Isabel de Villena),169.0,1.0,20.0,1.0,39.47878532308192,-0.324645206348971
Pavía - Columbretes,164.0,1.0,17.0,0.0,39.46846028903177,-0.3246342149862025
Isabel de Villena - Mendizábal,170.0,1.0,20.0,0.0,39.482973337910934,-0.3253342052924199
Pío XII - Campanar,172.0,1.0,20.0,1.0,39.48146236504626,-0.3933454386575609
Reig Genovés - Ramón Contreras Mongrell,178.0,1.0,20.0,0.0,39.49221639017785,-0.3705063522665271
Doctor Waksman - Nieves,180.0,1.0,20.0,1.0,39.45602126922772,-0.3706833820688013
Ausias March - Pianista Amparo Iturbi,182.0,1.0,21.0,0.0,39.455432269344854,-0.3749653971697836
Doctor Nicasio Benlloch - L'Horta Sud,228.0,1.0,15.0,1.0,39.4936924079167,-0.398671446907537
Reina Violante - Escultor García Mas,203.0,1.0,15.0,0.0,39.48460937883364,-0.401182462974041
San Juan Bosco - Santiago Rusiñol,233.0,1.0,15.0,1.0,39.49716040603917,-0.3694373451738429
Arquitecto Segura del Lago - Camino Nuevo de Picaña,251.0,1.0,15.0,1.0,39.45583028505104,-0.4044134972721287
José Meliá Castelló - Campos Crespo,253.0,1.0,15.0,0.0,39.45272627278094,-0.4011014879360589
Doctor Tomás Sala - Carteros,254.0,1.0,19.0,1.0,39.447714251158565,-0.3899174536874086
Tres Forques - Turís,256.0,1.0,15.0,0.0,39.46396330656933,-0.3922354484553796
Pintor Rafael Solves - Jose Soto Mico,258.0,1.0,15.0,1.0,39.43982822413676,-0.3891374575312111
"Santa Cruz de Tenerife, 21",214.0,1.0,15.0,1.0,39.464932313028335,-0.4005764763988502
Av. del Cid - Burgos,216.0,1.0,17.0,0.0,39.469162243634074,-0.3994613007254756
Maestro Rodrigo - Manuel de Falla,222.0,1.0,20.0,0.0,39.47689335174765,-0.3972824560992083
Periodista Gil Sumbiela - Poeta Serrano Clavero,206.0,1.0,15.0,0.0,39.49271239990425,-0.3890074152428013
Jorge Comin (Metge) - Terrateig,224.0,1.0,20.0,0.0,39.480568366964896,-0.4035884743552789
"Giorgeta, 64",207.0,1.0,15.0,0.0,39.45539327294658,-0.381905420300487
Fray Junípero Serra - Vall d'Uixó,211.0,1.0,15.0,0.0,39.45872629171394,-0.3977574716661004
Av. del Cid - Marconi,264.0,1.0,20.0,1.0,39.46916033373618,-0.4144325204450301
"Plaza Luis Cano, 5",268.0,1.0,10.0,1.0,39.50144544298018,-0.4184935092704626
Archiduque Carlos - José María Mortes Lerma,213.0,1.0,15.0,0.0,39.46316530591261,-0.3969724659176386
Beniferri - Vicent Tomás Martí,267.0,1.0,16.0,0.0,39.49416841275147,-0.4059294716064297
"Campamento, 81",269.0,1.0,15.0,0.0,39.49990744160243,-0.4262635367844481
Poeta Serrano Clavero - General Llorens,230.0,1.0,15.0,0.0,39.49475040560395,-0.3867844063400111
Pio IX - Músico Cabanilles,259.0,1.0,20.0,1.0,39.44546024514969,-0.3930154660803912
Plaza Xuquer - Vinalopó,261.0,1.0,19.0,0.0,39.47667632834523,-0.3503772958816883
Levante U.D. - Ecuador,237.0,1.0,15.0,1.0,39.494758407776374,-0.3910384206358712
Florista - T4 (Palau de Congressos),239.0,1.0,20.0,1.0,39.4969854198013,-0.3999644495310733
La Vall d'Albaida - Corts Valencianes,241.0,1.0,15.0,0.0,39.49297840711153,-0.4018904586642118
Tres Cruces - Segunda República Española,249.0,1.0,15.0,0.0,39.459506295875165,-0.4027404883331656
San Francisco de Paula - Castell de Pop,274.0,1.0,15.0,0.0,39.44807022576504,-0.3331882593063431
Moraira - Alta del Mar,273.0,1.0,15.0,1.0,39.450305232524904,-0.3332722584595297
Moreras - Rona de Nazaret,275.0,1.0,20.0,0.0,39.45230524022502,-0.3350652633218127
Blasco Ibañez 166 - Pintor José Mongrell,99.0,1.0,21.0,0.0,39.47134430635022,-0.3404842660990001
Olimpia Arozena Torres - Juan Bautista Vives,218.0,1.0,15.0,0.0,39.47074033078547,-0.3973844614710405
"Serrería, 67",84.0,1.0,15.0,0.0,39.46712309239451,-0.3352259768659084
Borna pruebas laboratorio madrid,299.0,1.0,2.0,1.0,40.44881373291668,-3.5848924983148165
